x,y,Magnitude,Direction,Force_Direction,Direction_Desync,time
874.83203125,867.03125,5.581249398533703,2.521749969309371,2.521749969309371,0.0,2026-07-12 19:56:36.133172
873.09375,867.46484375,1.7915426995024777,2.8971428111434068,-0.7860940575091933,1.1724107084487507,2026-07-12 19:56:36.147984
871.94921875,867.84375,1.2056208892166829,2.821891276652762,-0.09184612626473666,0.9274714210921229,2026-07-12 19:56:36.150139
871.29296875,867.84375,0.65625,3.141592653589793,-0.6599345218547884,1.2100636825403521,2026-07-12 19:56:36.164038
870.63671875,867.84375,0.65625,3.141592653589793,0.0,1.0,2026-07-12 19:56:36.164985
870.359375,867.56640625,0.3922232926894131,-2.356194490192345,-0.6318543808578924,0.5488745039443947,2026-07-12 19:56:36.178077
869.87109375,865.125,2.489755621871477,-1.7681918866447774,-1.6679623030667448,0.03190406734097232,2026-07-12 19:56:36.180037
869.3828125,862.68359375,2.489755621871477,-1.7681918866447774,0.0,0.5628329581890013,2026-07-12 19:56:36.188274
868.78515625,858.515625,4.210600490920579,-1.7132181779921838,-1.6340602070122219,0.025196764733171482,2026-07-12 19:56:36.195867
867.38671875,852.234375,6.435039161023517,-1.7898603213709634,-1.9330061904650888,0.04556474529903086,2026-07-12 19:56:36.204482
866.68359375,845.91015625,6.36318533153613,-1.681521339982789,-0.06171926481451139,0.5155990141870824,2026-07-12 19:56:36.211968
866.68359375,836.99609375,8.9140625,-1.5707963267948966,-1.3056932622015485,0.08438492631768274,2026-07-12 19:56:36.219854
866.68359375,828.08203125,8.9140625,-1.5707963267948966,0.0,0.5,2026-07-12 19:56:36.228339
866.68359375,817.9765625,10.10546875,-1.5707963267948966,-1.5707963267948966,0.0,2026-07-12 19:56:36.236431
866.68359375,800.671875,17.3046875,-1.5707963267948966,-1.5707963267948966,0.0,2026-07-12 19:56:36.244931
865.70703125,787.05078125,13.65605613867691,-1.6423687300267475,1.8299460949353832,1.1052721367279847,2026-07-12 19:56:36.251425
864.6796875,771.640625,15.444363076219043,-1.6373644905707205,-1.5991729871914686,0.012156733093837536,2026-07-12 19:56:36.262534
863.6875,755.78515625,15.886482471503339,-1.6332918262597058,-1.4920123658057516,0.04497064897720553,2026-07-12 19:56:36.268398
859.29296875,722.1015625,33.96905051399385,-1.7005286105101145,-1.7593701999974545,0.018729859652588523,2026-07-12 19:56:36.276040
855.2265625,693.65234375,28.73836646845799,-1.7127702719452162,1.5081916777377076,1.025264031605892,2026-07-12 19:56:36.282685
847.62890625,657.1875,37.24794236202958,-1.776213104986436,-1.9857603889907,0.06670097212151975,2026-07-12 19:56:36.292564
840.53125,620.28125,37.5825493188749,-1.760792466071701,-0.7232376845763134,0.33026394440724466,2026-07-12 19:56:36.300647
830.421875,574.7890625,46.60191612397264,-1.7894652726688385,-1.9081600047958422,0.03778170667396209,2026-07-12 19:56:36.311737
819.64453125,522.71484375,53.177771641246075,-1.7748763175841074,-1.671933752097442,0.03276763630352787,2026-07-12 19:56:36.314574
810.6640625,470.640625,52.84290943345737,-1.7415717297827151,-3.954324790317087e-15,0.5543594990880423,2026-07-12 19:56:36.326905
808.55859375,451.6953125,19.061948074105196,-1.6814761780350944,1.366177978476505,0.9700984476867638,2026-07-12 19:56:36.332157
805.40625,412.33203125,39.489304651826494,-1.6507091400009395,-1.6220237089358995,0.009130856297445842,2026-07-12 19:56:36.338416
805.40625,400.390625,11.94140625,-1.5707963267948966,1.4563414774806203,0.9635678899415898,2026-07-12 19:56:36.346489
805.40625,371.94140625,28.44921875,-1.5707963267948966,-1.5707963267948966,0.0,2026-07-12 19:56:36.354254
805.40625,352.62890625,19.3125,-1.5707963267948966,1.5707963267948968,1.0,2026-07-12 19:56:36.363569
805.40625,337.21875,15.41015625,-1.5707963267948966,1.5707963267948968,1.0,2026-07-12 19:56:36.370073
806.26953125,326.84375,10.410853928309702,-1.4877797326772866,1.4009965201291605,0.9195260402412575,2026-07-12 19:56:36.378530
810.05078125,320.03515625,7.788119183412582,-1.0638439713760404,0.8850668158886104,0.6203575708765728,2026-07-12 19:56:36.385870
814.5859375,313.98046875,7.5648452022873744,-0.9279148605950323,0.7853981633974492,0.545364473664253,2026-07-12 19:56:36.396522
819.5,309.0625,6.9522965184090655,-0.785795461747621,1.2490457723982544,0.6477100816430578,2026-07-12 19:56:36.401696
832.8515625,300.84375,15.67839509496767,-0.5517855606624961,-0.3729004389164562,0.05694090274295549,2026-07-12 19:56:36.410368
853.0859375,292.5078125,21.884190312747037,-0.39078180437087223,-0.0170244617599401,0.11897065718684187,2026-07-12 19:56:36.417580
874.51171875,288.93359375,21.721858618582875,-0.16529649707356497,1.325624650738563,0.474574940869085,2026-07-12 19:56:36.428929
900.50390625,285.03125,26.28349477863095,-0.1490222256571836,-0.07173299667449916,0.02460192568071122,2026-07-12 19:56:36.433162
931.5078125,280.80078125,31.29119794133033,-0.1356120485574153,-0.06537824245839048,0.02235611482563501,2026-07-12 19:56:36.442838
948.375,280.80078125,16.8671875,0.0,2.8508204605415233,0.907444336325394,2026-07-12 19:56:36.449790
984.8359375,279.28125,36.4925874472972,-0.0416514915559755,-0.07739691977201094,0.0113781231870371,2026-07-12 19:56:36.462671
1018.515625,279.28125,33.6796875,0.0,2.6415573622762083,0.8408338233340942,2026-07-12 19:56:36.464867
1049.51953125,279.28125,31.00390625,0.0,3.141592653589793,1.0,2026-07-12 19:56:36.478084
1076.97265625,279.28125,27.453125,0.0,3.141592653589793,1.0,2026-07-12 19:56:36.481615
1102.96484375,283.1796875,26.282915096628123,0.14887524972452396,1.9293473616637733,0.5667418753047958,2026-07-12 19:56:36.488744
1125.375,291.89453125,24.0450328495581,0.3708828771810584,2.210262575276826,0.585492742349639,2026-07-12 19:56:36.496451
1146.5390625,303.09765625,23.94634734713274,0.4868483489944402,2.0350716821037036,0.4928147929490987,2026-07-12 19:56:36.504399
1164.12109375,317.16015625,22.514034048254803,0.67463255582647,2.4679165319407668,0.5708200183321573,2026-07-12 19:56:36.513284
1193.453125,348.12109375,42.649123181255234,0.8124081141174897,0.9632110946622053,0.04800207957336484,2026-07-12 19:56:36.520187
1208.3515625,373.85546875,29.735862129456265,1.0460125221636847,-2.794169563183949,1.2223679225120372,2026-07-12 19:56:36.528076
1219.625,403.44921875,31.668287483362693,1.2068283481976922,2.324889480460272,0.35588991175702195,2026-07-12 19:56:36.536255
1227.0703125,430.7578125,28.305334670785918,1.304629003917386,-2.603427093905047,1.2439728916977277,2026-07-12 19:56:36.545848
1231.625,467.21875,36.74432121568668,1.4465204482584135,1.876716050376126,0.13693551314685637,2026-07-12 19:56:36.551989
1233.19921875,506.578125,39.39084367036934,1.530821603159952,2.370147073089572,0.26716559480445395,2026-07-12 19:56:36.560816
1233.19921875,548.9453125,42.3671875,1.5707963267948966,2.052969865484282,0.1534806042210539,2026-07-12 19:56:36.567820
1227.9765625,597.66796875,49.001769053385495,1.677580123320515,2.258664157195177,0.1849647926858616,2026-07-12 19:56:36.579540
1216.1796875,643.15625,46.993084500219034,1.8245449263680098,-2.684382723894074,1.4352362471658708,2026-07-12 19:56:36.583674
1197.03515625,688.3984375,49.12604814726484,1.971104581274711,-3.108112345939754,1.6167649620044193,2026-07-12 19:56:36.594008
1171.89453125,735.08203125,53.022721080737305,2.0647925818257415,2.9056781146310526,0.26766217824085475,2026-07-12 19:56:36.599515
1145.7890625,776.84375,49.249737579111304,2.129471308634031,-1.7643733623602977,1.2394492540415647,2026-07-12 19:56:36.612688
1114.46484375,815.125,49.46373198476184,2.256575845757995,-2.5534173384722685,1.531068383017144,2026-07-12 19:56:36.615377
1083.5,846.0859375,43.78813993926689,2.356257569735565,-1.5217428600285356,1.2344058754189022,2026-07-12 19:56:36.627953
1050.90625,875.41796875,43.84883802694749,2.4088172813772983,-2.3561944901923426,1.5167503546727554,2026-07-12 19:56:36.631141
1035.76171875,884.06640625,17.43996267122246,2.6227243556995066,-0.8700143204700566,1.1117732504812574,2026-07-12 19:56:36.644568
1003.8515625,903.81640625,37.52759747038723,2.5873736615413843,2.556715039869759,0.009758942374846898,2026-07-12 19:56:36.646835
975.66015625,919.31640625,32.17149959750927,2.6388930688498506,-0.8519663271732741,1.1111750570317371,2026-07-12 19:56:36.655077
946.0625,929.1796875,31.19784563891817,2.8199212882965647,-1.8152857531701874,1.475432225807587,2026-07-12 19:56:36.663259
917.61328125,935.94921875,29.243539471652163,2.9079856045947103,-1.215350665052237,1.3124986986888159,2026-07-12 19:56:36.670875
889.1640625,938.65625,28.57771974237672,3.046725182873324,-1.5707963267948974,1.4698027461936969,2026-07-12 19:56:36.678675
863.16796875,938.65625,25.99609375,3.141592653589793,-0.8345636576431152,1.2656498628775081,2026-07-12 19:56:36.686665
835.63671875,938.65625,27.53125,3.141592653589793,3.141592653589793,0.0,2026-07-12 19:56:36.695232
811.9765625,934.91796875,23.953658185724276,-2.984889042033634,-0.7679461366521283,0.7056748438879492,2026-07-12 19:56:36.702161
789.5625,924.95703125,24.527749053527366,-2.7234006644911326,-1.3731593376884808,0.42979516305520266,2026-07-12 19:56:36.711544
768.39453125,913.75,23.951627302533186,-2.6546764645784986,-0.7853981633974491,0.5950097632947694,2026-07-12 19:56:36.718046
750.578125,903.7265625,20.44244679536785,-2.62913032974218,0.3394754966758541,0.9449365827316624,2026-07-12 19:56:36.729199
734.671875,891.23046875,20.227732153439472,-2.475688494250007,-0.9130426197637636,0.49740563045328623,2026-07-12 19:56:36.733846
721.69140625,878.25,18.357154952210138,-2.356194490192345,-0.1640659580455932,0.6977761835678727,2026-07-12 19:56:36.745092
716.39453125,872.1953125,8.04463333460769,-2.2895349688432325,0.7335729538321727,0.962285138788124,2026-07-12 19:56:36.749809
701.1328125,853.4140625,24.200318402174002,-2.2531755191784693,-2.2350824525468402,0.005759201980229574,2026-07-12 19:56:36.763198
697.34765625,846.60546875,7.790016475557232,-2.078187057946887,0.8065510965191768,0.9182406736181312,2026-07-12 19:56:36.765370
684.34765625,823.20703125,26.767272506577996,-2.077923179876099,-2.07781485997704,3.447929474098617e-05,2026-07-12 19:56:36.778302
