x,y,Magnitude,Direction,time
1149.09375,347.4453125,4.20673382769463,2.356851088916109,2026-07-05 13:36:08.730283
1145.19921875,351.3359375,5.504937469931113,2.3566962462967505,2026-07-05 13:36:08.738885
1141.3046875,355.2265625,5.504937469931113,2.3566962462967505,2026-07-05 13:36:08.746317
1136.11328125,357.8203125,5.803295435788106,2.678246068059726,2026-07-05 13:36:08.758849
1129.3046875,361.6015625,7.788119183412582,2.634640298170937,2026-07-05 13:36:08.762467
1121.73828125,364.625,8.148108851533914,2.7614423701150077,2026-07-05 13:36:08.777106
1112.82421875,367.86328125,9.484037943197391,2.793138350677964,2026-07-05 13:36:08.779993
1103.91015625,370.29296875,9.239258173769283,2.875488928377264,2026-07-05 13:36:08.791099
1085.734375,377.10546875,19.410543019139148,2.7829868598958316,2026-07-05 13:36:08.795217
1064.3046875,383.0546875,22.240159848414034,2.8707962315006634,2026-07-05 13:36:08.808934
1044.9921875,388.73046875,20.12926101594024,2.855749287389935,2026-07-05 13:36:08.812147
1023.5625,395.87109375,22.58805064051082,2.819951472483757,2026-07-05 13:36:08.824306
999.90234375,400.84765625,24.17786525090295,2.9342794874209788,2026-07-05 13:36:08.827843
976.2421875,407.0703125,24.4647592381384,2.8844152229944897,2026-07-05 13:36:08.841302
947.79296875,412.48828125,28.96053233042045,2.9534026958176796,2026-07-05 13:36:08.843924
921.796875,417.68359375,26.510152059757132,2.9443415815296885,2026-07-05 13:36:08.851864
869.72265625,426.66015625,52.84224572006055,2.9708900981286064,2026-07-05 13:36:08.859335
836.2421875,432.48046875,33.98261063128292,2.9694707730034144,2026-07-05 13:36:08.868421
818.9375,435.72265625,17.60579419559971,2.956380999081874,2026-07-05 13:36:08.875804
787.9296875,439.94921875,31.294540523892703,3.006121156646992,2026-07-05 13:36:08.891609
756.921875,445.5859375,31.515980617803372,2.9617724117459523,2026-07-05 13:36:08.892827
728.47265625,451.00390625,28.96053233042045,2.9534026958176796,2026-07-05 13:36:08.899689
718.09765625,452.73046875,10.51768239995895,2.9766882062350315,2026-07-05 13:36:08.907731
698.78515625,457.2734375,19.839637630598915,2.910558356179631,2026-07-05 13:36:08.915659
683.375,461.37890625,15.947657800023194,2.8812269332907228,2026-07-05 13:36:08.924044
671.43359375,465.05078125,12.49319211583509,2.8432776258198436,2026-07-05 13:36:08.932230
661.921875,469.37109375,10.446908331021088,2.7152436688883324,2026-07-05 13:36:08.940396
655.11328125,473.15234375,7.788119183412582,2.634640298170937,2026-07-05 13:36:08.948872
653.16015625,475.1015625,2.7593751105959776,2.3571954908590107,2026-07-05 13:36:08.956913
648.6171875,478.34375,5.581249398533703,2.521749969309371,2026-07-05 13:36:08.964527
645.640625,481.31640625,4.20673382769463,2.356851088916109,2026-07-05 13:36:08.973664
644.17578125,483.265625,2.4382823764415855,2.2152586656670135,2026-07-05 13:36:08.980579
642.7109375,485.703125,2.8437956083224516,2.1119225407287447,2026-07-05 13:36:08.990334
641.51953125,489.8671875,4.331150581132606,1.8494676408869595,2026-07-05 13:36:08.997107
641.51953125,493.11328125,3.24609375,1.5707963267948966,2026-07-05 13:36:09.007611
641.51953125,497.27734375,4.1640625,1.5707963267948966,2026-07-05 13:36:09.013669
643.30078125,501.44140625,4.5290471477349685,1.166584042103987,2026-07-05 13:36:09.023701
649.73046875,511.54296875,11.974240948346685,1.0039670292076732,2026-07-05 13:36:09.029558
656.16015625,521.64453125,11.974240948346685,1.0039670292076732,2026-07-05 13:36:09.042884
664.9140625,532.34375,13.824042697204773,0.8850668158886104,2026-07-05 13:36:09.045654
675.7265625,546.40234375,17.735676318582808,0.9151812731558154,2026-07-05 13:36:09.059978
688.703125,559.37890625,18.351630680482117,0.7853981633974483,2026-07-05 13:36:09.063257
706.1328125,575.5625,23.78450573404239,0.7483436616973694,2026-07-05 13:36:09.076347
723.5625,591.74609375,23.78450573404239,0.7483436616973694,2026-07-05 13:36:09.079927
742.23828125,607.9296875,24.712213821567882,0.7140269911568792,2026-07-05 13:36:09.095115
763.03125,623.5234375,25.990625011741763,0.6434710498778191,2026-07-05 13:36:09.097091
781.70703125,638.4609375,23.914717467447772,0.6746389040105959,2026-07-05 13:36:09.109792
802.5,654.0546875,25.990625011741763,0.6434710498778191,2026-07-05 13:36:09.112872
821.5390625,665.953125,22.451251987813787,0.5585624299465078,2026-07-05 13:36:09.126175
840.5859375,677.85546875,22.45994732871805,0.5585255731096751,2026-07-05 13:36:09.128841
861.640625,690.23828125,24.426090786960007,0.5316429839864624,2026-07-05 13:36:09.135188
881.875,699.76171875,22.363492425312984,0.4398983635601653,2026-07-05 13:36:09.142886
904.28515625,708.4765625,24.0450328495581,0.3708828771810584,2026-07-05 13:36:09.153687
924.51953125,715.6171875,21.457363701798272,0.3392522218378369,2026-07-05 13:36:09.158872
945.8046875,720.34765625,21.80447686099441,0.21868837731011698,2026-07-05 13:36:09.167907
967.23046875,723.91796875,21.72121620721335,0.1651191126085806,2026-07-05 13:36:09.175262
990.88671875,723.91796875,23.65625,0.0,2026-07-05 13:36:09.183918
1014.54296875,723.91796875,23.65625,0.0,2026-07-05 13:36:09.191507
1053.90234375,722.33984375,39.3909999734235,-0.04007381046627157,2026-07-05 13:36:09.199937
1084.90625,713.8828125,32.136639219468265,-0.26629469216490775,2026-07-05 13:36:09.207705
1117.12109375,702.16796875,34.278764883289305,-0.34878073944986326,2026-07-05 13:36:09.216228
1152.0625,690.01171875,36.99562521150358,-0.33480621220559514,2026-07-05 13:36:09.225482
1192.80078125,675.34375,43.298462633852004,-0.34560311555383444,2026-07-05 13:36:09.232161
1238.04296875,656.19921875,49.12604814726484,-0.40030825447981433,2026-07-05 13:36:09.242094
1256.21484375,648.24609375,19.83605904108097,-0.41254575349047695,2026-07-05 13:36:09.248607
1330.5234375,617.64453125,80.36306821260588,-0.3906519900132484,2026-07-05 13:36:09.258860
1369.6328125,598.0859375,43.727357596454006,-0.46372750992349177,2026-07-05 13:36:09.264330
1386.66796875,588.99609375,19.308594145129472,-0.490159632542694,2026-07-05 13:36:09.275299
1421.3046875,570.1015625,39.455108628970066,-0.4993862289454956,2026-07-05 13:36:09.280611
1453.2109375,551.8671875,36.74916625861225,-0.5191988512995276,2026-07-05 13:36:09.291891
1469.98046875,534.953125,23.818116814698698,-0.7896889871164147,2026-07-05 13:36:09.296852
1469.98046875,528.8984375,6.0546875,-1.5707963267948966,2026-07-05 13:36:09.308447
1469.98046875,515.80078125,13.09765625,-1.5707963267948966,2026-07-05 13:36:09.312987
1469.98046875,512.82421875,2.9765625,-1.5707963267948966,2026-07-05 13:36:09.325464
1469.98046875,496.63671875,16.1875,-1.5707963267948966,2026-07-05 13:36:09.329081
1469.98046875,494.1953125,2.44140625,-1.5707963267948966,2026-07-05 13:36:09.342146
1469.98046875,484.08984375,10.10546875,-1.5707963267948966,2026-07-05 13:36:09.345327
1469.98046875,478.8984375,5.19140625,-1.5707963267948966,2026-07-05 13:36:09.358572
1469.98046875,468.5234375,10.375,-1.5707963267948966,2026-07-05 13:36:09.361342
1468.57421875,462.19921875,6.47867902124743,-1.7895960685611016,2026-07-05 13:36:09.374005
1459.38671875,453.9296875,12.361039735585617,-2.4087305736716416,2026-07-05 13:36:09.377732
1453.33203125,449.390625,7.567187661315299,-2.4982980283781293,2026-07-05 13:36:09.390587
1448.7890625,446.79296875,5.233200078024977,-2.6221687872904185,2026-07-05 13:36:09.393701
1441.98046875,442.25390625,8.182911293142881,-2.5535900500422257,2026-07-05 13:36:09.402034
1430.95703125,435.8203125,12.763514518205607,-2.613297906883121,2026-07-05 13:36:09.409582
1424.6328125,434.4140625,6.47867902124743,-2.922792911823588,2026-07-05 13:36:09.417665
1418.30859375,434.4140625,6.32421875,3.141592653589793,2026-07-05 13:36:09.426234
1407.93359375,434.4140625,10.375,3.141592653589793,2026-07-05 13:36:09.433869
1401.609375,435.81640625,6.477832260178989,2.9233815531937033,2026-07-05 13:36:09.441932
1392.421875,444.08203125,12.35842679674986,2.4089655040611992,2026-07-05 13:36:09.450347
1381.12109375,455.37890625,15.97895621203014,2.3563673510376413,2026-07-05 13:36:09.458304
1368.625,470.14453125,19.34363049299211,2.2731362665215267,2026-07-05 13:36:09.467335
1340.91796875,502.734375,42.7758985450673,2.2753912813064274,2026-07-05 13:36:09.474735
1321.18359375,528.1015625,32.13938017916309,2.2319460940888423,2026-07-05 13:36:09.483152
1300.6796875,555.921875,34.559802648545976,2.2059332133312948,2026-07-05 13:36:09.490813
1276.234375,591.76953125,43.389258599805785,2.1692862228294065,2026-07-05 13:36:09.499093
1247.58984375,628.8359375,46.844718409040155,2.228723921956662,2026-07-05 13:36:09.507181
1215.265625,670.1328125,52.4431787991868,2.2349164492140057,2026-07-05 13:36:09.515265
1179.3515625,709.6328125,53.386045791516594,2.3086802940481252,2026-07-05 13:36:09.523536
1136.7734375,746.65234375,56.42111681352427,2.4259149370809125,2026-07-05 13:36:09.531561
1092.34765625,781.8203125,56.66071007032852,2.471987491012134,2026-07-05 13:36:09.539774
1040.8671875,812.32421875,59.839175790016654,2.6066812590978117,2026-07-05 13:36:09.547771
989.03515625,836.38671875,57.1451080124185,2.7069600813729595,2026-07-05 13:36:09.556659
928.203125,852.08203125,62.82419009007305,2.8890888723670183,2026-07-05 13:36:09.563862
865.41015625,861.890625,63.554428923490576,2.986639558656554,2026-07-05 13:36:09.573653
806.3046875,863.796875,59.13620063226692,3.109352160264089,2026-07-05 13:36:09.580094
784.875,863.796875,21.4296875,3.141592653589793,2026-07-05 13:36:09.592228
745.51171875,860.64453125,39.489304651826494,-3.0616798403837504,2026-07-05 13:36:09.596567
713.29296875,850.390625,33.81109943415459,-2.8334698133661074,2026-07-05 13:36:09.609299
692.125,839.18359375,23.951627302533186,-2.6546764645784986,2026-07-05 13:36:09.612378
673.4453125,824.2421875,23.920207896780397,-2.4669282224602,2026-07-05 13:36:09.626471
660.94921875,808.3359375,20.227732153439472,-2.2367004861346826,2026-07-05 13:36:09.629186
645.203125,772.12109375,39.48992752868386,-1.9809354996488548,2026-07-05 13:36:09.643105
645.203125,760.1796875,11.94140625,-1.5707963267948966,2026-07-05 13:36:09.646793
645.203125,717.80859375,42.37109375,-1.5707963267948966,2026-07-05 13:36:09.658809
646.5,691.8125,26.02842244594194,-1.5209503478840398,2026-07-05 13:36:09.662559
667.0,663.98828125,34.56063004413912,-0.9358174820606003,2026-07-05 13:36:09.675504
697.9609375,634.65234375,42.65180980782424,-0.7584546981203941,2026-07-05 13:36:09.678801
775.63671875,585.21875,92.07175019427996,-0.5667617568961357,2026-07-05 13:36:09.691772
841.99609375,556.18359375,72.43346566920941,-0.4124474970477639,2026-07-05 13:36:09.695361
875.67578125,547.39453125,34.807599310015085,-0.2552673740488453,2026-07-05 13:36:09.701804
944.109375,526.65625,71.50687423418913,-0.2942456547998364,2026-07-05 13:36:09.709980
1006.8984375,510.95703125,64.72195793538123,-0.24500793927411482,2026-07-05 13:36:09.718242
1032.890625,507.0546875,26.28349477863095,-0.1490222256571836,2026-07-05 13:36:09.725740
1081.61328125,498.3515625,49.49385433385936,-0.17676157761145464,2026-07-05 13:36:09.734419
1123.98046875,495.08984375,42.49255682898192,-0.07683534617793003,2026-07-05 13:36:09.741967
1154.984375,495.08984375,31.00390625,0.0,2026-07-05 13:36:09.750377
1163.89453125,495.08984375,8.91015625,0.0,2026-07-05 13:36:09.758227
1183.203125,495.08984375,19.30859375,0.0,2026-07-05 13:36:09.766532
1195.140625,498.76171875,12.489458445650275,0.2984069521898235,2026-07-05 13:36:09.775510
1197.84375,500.92578125,3.4626653418329716,0.675093303026447,2026-07-05 13:36:09.782807
1206.484375,506.9765625,10.548571188837688,0.6109079866545891,2026-07-05 13:36:09.792017
1208.10546875,510.22265625,3.6283700996560597,1.1076301814063827,2026-07-05 13:36:09.798601
1208.10546875,513.46875,3.24609375,1.5707963267948966,2026-07-05 13:36:09.806487
1206.9140625,517.6328125,4.331150581132606,1.8494676408869595,2026-07-05 13:36:09.814580
1194.97265625,521.3046875,12.49319211583509,2.8432776258198436,2026-07-05 13:36:09.822562
1175.66015625,521.3046875,19.3125,3.141592653589793,2026-07-05 13:36:09.830864
1149.6640625,521.3046875,25.99609375,3.141592653589793,2026-07-05 13:36:09.840044
1118.65625,512.84765625,32.14040780075189,-2.875329944935388,2026-07-05 13:36:09.847134
1082.44140625,493.953125,40.84749954396402,-2.660709059663474,2026-07-05 13:36:09.856751
1064.58203125,482.046875,21.464297436746563,-2.5535900500422257,2026-07-05 13:36:09.863456
1036.7578125,461.54296875,34.562947220349145,-2.5065228194986924,2026-07-05 13:36:09.874308
1029.83984375,453.76171875,10.411827082144448,-2.2975321370675763,2026-07-05 13:36:09.879501
1016.20703125,438.9921875,20.099567905924815,-2.316193833014243,2026-07-05 13:36:09.890974
1008.421875,427.31640625,14.033264967026227,-2.158876132534853,2026-07-05 13:36:09.895766
1008.421875,424.06640625,3.25,-1.5707963267948966,2026-07-05 13:36:09.907544
